rank,candidateRank,year,title,authors,venue,publicationDate,citationCount,influentialCitationCount,importanceScore,category,methodTags,keywordTags,keyIdea,strengths,limitations,url,semanticScholarUrl,openAccessPdf,doi,arxiv,pubmed,corpusId,fieldsOfStudy,publicationTypes,sourceQueries,queryHitCount,importanceReasons,abstract
7,1,2023,LLaMA: Open and Efficient Foundation Language Models,"Hugo Touvron, Thibaut Lavril, Gautier Izacard, X. Martinet, M. Lachaux, Timothée Lacroix, Baptiste Rozière, Naman Goyal, et al.",arXiv.org,2023-02-27,20427,2131,329.65,Foundation Models and Large Language Models,transformer,foundation-models,"We introduce LLaMA, a collection of foundation language models ranging from 7B to 65B parameters.","high citation signal (20,427); influential citation signal (2,131)","Capability gains are difficult to separate from data scale, benchmark leakage, and evaluation prompt sensitivity.; Alignment and safety claims often need stronger real-world and multilingual validation.; Compute-intensive training can limit reproducibility and concentrate follow-up work around a small number of institutions.",https://www.semanticscholar.org/paper/57e849d0de13ed5f91d086936296721d4ff75a75,https://www.semanticscholar.org/paper/57e849d0de13ed5f91d086936296721d4ff75a75,,,2302.13971,,257219404,Computer Science,JournalArticle,foundation models,1,citations=20427; influential=2131; open PDF metadata; title AI matches=1; AI term matches=1,"We introduce LLaMA, a collection of foundation language models ranging from 7B to 65B parameters. We train our models on trillions of tokens, and show that it is possible to train state-of-the-art models using publicly available datasets exclusively, without resorting to proprietary and inaccessible datasets. In particular, LLaMA-13B outperforms GPT-3 (175B) on most benchmarks, and LLaMA-65B is competitive with the best models, Chinchilla-70B and PaLM-540B. We release all our models to the research community."
10,2,2023,Llama 2: Open Foundation and Fine-Tuned Chat Models,"Hugo Touvron, Louis Martin, Kevin R. Stone, Peter Albert, Amjad Almahairi, Yasmine Babaei, Niko-lay Bashlykov, Soumya Batra, et al.",arXiv.org,2023-07-18,17320,2177,333.319,Foundation Models and Large Language Models,trustworthy-ai,foundation-models; nlp; trustworthy-ai,"In this work, we develop and release Llama 2, a collection of pretrained and fine-tuned large language models (LLMs) ranging in scale from 7 billion to 70 billion parameters.","high citation signal (17,320); influential citation signal (2,177)","Capability gains are difficult to separate from data scale, benchmark leakage, and evaluation prompt sensitivity.; Alignment and safety claims often need stronger real-world and multilingual validation.; Compute-intensive training can limit reproducibility and concentrate follow-up work around a small number of institutions.",https://www.semanticscholar.org/paper/104b0bb1da562d53cbda87aec79ef6a2827d191a,https://www.semanticscholar.org/paper/104b0bb1da562d53cbda87aec79ef6a2827d191a,,,2307.09288,,259950998,Computer Science,JournalArticle,foundation models; large language models,2,citations=17320; influential=2177; resource signal; translation/trustworthiness signal; open PDF metadata; AI term matches=2; query hits=2,"In this work, we develop and release Llama 2, a collection of pretrained and fine-tuned large language models (LLMs) ranging in scale from 7 billion to 70 billion parameters. Our fine-tuned LLMs, called Llama 2-Chat, are optimized for dialogue use cases. Our models outperform open-source chat models on most benchmarks we tested, and based on our human evaluations for helpfulness and safety, may be a suitable substitute for closed-source models. We provide a detailed description of our approach to fine-tuning and safety improvements of Llama 2-Chat in order to enable the community to build on our work and contribute to the responsible development of LLMs."
13,3,2023,Segment Anything,"A. Kirillov, Eric Mintun, Nikhila Ravi, Hanzi Mao, Chloé Rolland, Laura Gustafson, Tete Xiao, Spencer Whitehead, et al.",IEEE International Conference on Computer Vision,2023-04-05,14026,1884,334.656,Vision and Multimodal Learning,benchmark/dataset; trustworthy-ai,vision; trustworthy-ai,"We introduce the Segment Anything (SA) project: a new task, model, and dataset for image segmentation.","high citation signal (14,026); influential citation signal (1,884)","Large-scale benchmark success can overstate robustness under distribution shift, rare classes, and real deployment constraints.; Multimodal alignment may inherit biases and spurious correlations from web-scale data.; High-performing systems often require data and compute resources that are hard for smaller labs to reproduce.",https://doi.org/10.1109/ICCV51070.2023.00371,https://www.semanticscholar.org/paper/7470a1702c8c86e6f28d32cfa315381150102f5b,,10.1109/ICCV51070.2023.00371,2304.02643,,257952310,Computer Science,JournalArticle; Conference,computer vision; foundation models,2,citations=14026; influential=1884; survey/benchmark signal; resource signal; translation/trustworthiness signal; open PDF metadata; AI term matches=5; query hits=2,"We introduce the Segment Anything (SA) project: a new task, model, and dataset for image segmentation. Using our efficient model in a data collection loop, we built the largest segmentation dataset to date (by far), with over 1 billion masks on 11M licensed and privacy respecting images. The model is designed and trained to be promptable, so it can transfer zero-shot to new image distributions and tasks. We evaluate its capabilities on numerous tasks and find that its zero-shot performance is impressive – often competitive with or even superior to prior fully supervised results. We are releasing the Segment Anything Model (SAM) and corresponding dataset (SA-1B) of 1B masks and 11M images at segment-anything.com to foster research into foundation models for computer vision. We recommend reading the full paper at: arxiv.org/abs/2304.02643."
17,4,2023,Visual Instruction Tuning,"Haotian Liu, Chunyuan Li, Qingyang Wu, Yong Jae Lee",Neural Information Processing Systems,2023-04-17,9932,1598,318.759,Foundation Models and Large Language Models,benchmark/dataset; transformer,foundation-models; generative-ai; multimodal; vision; ai4science,"Instruction tuning large language models (LLMs) using machine-generated instruction-following data has improved zero-shot capabilities on new tasks, but the idea is less explored in the multimodal field.","high citation signal (9,932); influential citation signal (1,598); open-access PDF metadata","Capability gains are difficult to separate from data scale, benchmark leakage, and evaluation prompt sensitivity.; Alignment and safety claims often need stronger real-world and multilingual validation.; Compute-intensive training can limit reproducibility and concentrate follow-up work around a small number of institutions.",https://doi.org/10.48550/arXiv.2304.08485,https://www.semanticscholar.org/paper/a5036f31f0e629dc661f120b8c3b1f374d479ab8,http://arxiv.org/pdf/2304.08485,10.48550/arXiv.2304.08485,2304.08485,,258179774,Computer Science,JournalArticle,large language models,1,citations=9932; influential=1598; survey/benchmark signal; resource signal; open PDF metadata; AI term matches=4,"Instruction tuning large language models (LLMs) using machine-generated instruction-following data has improved zero-shot capabilities on new tasks, but the idea is less explored in the multimodal field. In this paper, we present the first attempt to use language-only GPT-4 to generate multimodal language-image instruction-following data. By instruction tuning on such generated data, we introduce LLaVA: Large Language and Vision Assistant, an end-to-end trained large multimodal model that connects a vision encoder and LLM for general-purpose visual and language understanding.Our early experiments show that LLaVA demonstrates impressive multimodel chat abilities, sometimes exhibiting the behaviors of multimodal GPT-4 on unseen images/instructions, and yields a 85.1% relative score compared with GPT-4 on a synthetic multimodal instruction-following dataset. When fine-tuned on Science QA, the synergy of LLaVA and GPT-4 achieves a new state-of-the-art accuracy of 92.53%. We make GPT-4 generated visual instruction tuning data, our model and code base publicly available."
19,5,2023,Judging LLM-as-a-judge with MT-Bench and Chatbot Arena,"Lianmin Zheng, Wei-Lin Chiang, Ying Sheng, Siyuan Zhuang, Zhanghao Wu, Yonghao Zhuang, Zi Lin, Zhuohan Li, et al.",Neural Information Processing Systems,2023-06-09,9220,1218,317.324,Foundation Models and Large Language Models,benchmark/dataset; transformer; trustworthy-ai,foundation-models; nlp; trustworthy-ai,Evaluating large language model (LLM) based chat assistants is challenging due to their broad capabilities and the inadequacy of existing benchmarks in measuring human preferences.,"high citation signal (9,220); influential citation signal (1,218)","Capability gains are difficult to separate from data scale, benchmark leakage, and evaluation prompt sensitivity.; Alignment and safety claims often need stronger real-world and multilingual validation.; Compute-intensive training can limit reproducibility and concentrate follow-up work around a small number of institutions.",https://doi.org/10.52202/075280-2020,https://www.semanticscholar.org/paper/a0a79dad89857a96f8f71b14238e5237cbfc4787,,10.52202/075280-2020,2306.05685,,259129398,Computer Science,JournalArticle,large language models,1,citations=9220; influential=1218; survey/benchmark signal; resource signal; translation/trustworthiness signal; open PDF metadata; title AI matches=1; AI term matches=3,"Evaluating large language model (LLM) based chat assistants is challenging due to their broad capabilities and the inadequacy of existing benchmarks in measuring human preferences. To address this, we explore using strong LLMs as judges to evaluate these models on more open-ended questions. We examine the usage and limitations of LLM-as-a-judge, including position, verbosity, and self-enhancement biases, as well as limited reasoning ability, and propose solutions to mitigate some of them. We then verify the agreement between LLM judges and human preferences by introducing two benchmarks: MT-bench, a multi-turn question set; and Chatbot Arena, a crowdsourced battle platform. Our results reveal that strong LLM judges like GPT-4 can match both controlled and crowdsourced human preferences well, achieving over 80% agreement, the same level of agreement between humans. Hence, LLM-as-a-judge is a scalable and explainable way to approximate human preferences, which are otherwise very expensive to obtain. Additionally, we show our benchmark and traditional benchmarks complement each other by evaluating several variants of LLaMA and Vicuna. The MT-bench questions, 3K expert votes, and 30K conversations with human preferences are publicly available at https://github.com/lm-sys/FastChat/tree/main/fastchat/llm_judge."
20,6,2023,Direct Preference Optimization: Your Language Model is Secretly a Reward Model,"Rafael Rafailov, Archit Sharma, E. Mitchell, Stefano Ermon, Christopher D. Manning, Chelsea Finn",Neural Information Processing Systems,2023-05-29,9211,1981,314.108,Foundation Models and Large Language Models,reinforcement-learning,foundation-models; nlp; reinforcement-learning,"While large-scale unsupervised language models (LMs) learn broad world knowledge and some reasoning skills, achieving precise control of their behavior is difficult due to the completely unsupervised nature of their training.","high citation signal (9,211); influential citation signal (1,981)","Capability gains are difficult to separate from data scale, benchmark leakage, and evaluation prompt sensitivity.; Alignment and safety claims often need stronger real-world and multilingual validation.; Compute-intensive training can limit reproducibility and concentrate follow-up work around a small number of institutions.",https://doi.org/10.52202/075280-2338,https://www.semanticscholar.org/paper/0d1c76d45afa012ded7ab741194baf142117c495,,10.52202/075280-2338,2305.18290,,258959321,Computer Science,JournalArticle,large language models; reinforcement learning,2,citations=9211; influential=1981; open PDF metadata; title AI matches=1; AI term matches=2; query hits=2,"While large-scale unsupervised language models (LMs) learn broad world knowledge and some reasoning skills, achieving precise control of their behavior is difficult due to the completely unsupervised nature of their training. Existing methods for gaining such steerability collect human labels of the relative quality of model generations and fine-tune the unsupervised LM to align with these preferences, often with reinforcement learning from human feedback (RLHF). However, RLHF is a complex and often unstable procedure, first fitting a reward model that reflects the human preferences, and then fine-tuning the large unsupervised LM using reinforcement learning to maximize this estimated reward without drifting too far from the original model. In this paper we introduce a new parameterization of the reward model in RLHF that enables extraction of the corresponding optimal policy in closed form, allowing us to solve the standard RLHF problem with only a simple classification loss. The resulting algorithm, which we call Direct Preference Optimization (DPO), is stable, performant, and computationally lightweight, eliminating the need for sampling from the LM during fine-tuning or performing significant hyperparameter tuning. Our experiments show that DPO can fine-tune LMs to align with human preferences as well as or better than existing methods. Notably, fine-tuning with DPO exceeds PPO-based RLHF in ability to control sentiment of generations, and matches or improves response quality in summarization and single-turn dialogue while being substantially simpler to implement and train."
22,7,2023,DINOv2: Learning Robust Visual Features without Supervision,"M. Oquab, Timothée Darcet, Théo Moutakanni, Huy V. Vo, Marc Szafraniec, Vasil Khalidov, Pierre Fernandez, Daniel Haziza, et al.",Trans. Mach. Learn. Res.,2023-04-14,8740,1307,320.135,Vision and Multimodal Learning,benchmark/dataset; transformer; self-supervised; trustworthy-ai,nlp; vision; trustworthy-ai,The recent breakthroughs in natural language processing for model pretraining on large quantities of data have opened the way for similar foundation models in computer vision.,"high citation signal (8,740); influential citation signal (1,307); open-access PDF metadata","Large-scale benchmark success can overstate robustness under distribution shift, rare classes, and real deployment constraints.; Multimodal alignment may inherit biases and spurious correlations from web-scale data.; High-performing systems often require data and compute resources that are hard for smaller labs to reproduce.",https://doi.org/10.48550/arXiv.2304.07193,https://www.semanticscholar.org/paper/5a9cb1b3dc4655218b3deeaf4a2417a9a8cd0891,http://arxiv.org/pdf/2304.07193,10.48550/arXiv.2304.07193,2304.07193,,258170077,Computer Science,JournalArticle,computer vision; foundation models; large language models; natural language processing,4,citations=8740; influential=1307; survey/benchmark signal; resource signal; translation/trustworthiness signal; open PDF metadata; AI term matches=4; query hits=4,"The recent breakthroughs in natural language processing for model pretraining on large quantities of data have opened the way for similar foundation models in computer vision. These models could greatly simplify the use of images in any system by producing all-purpose visual features, i.e., features that work across image distributions and tasks without finetuning. This work shows that existing pretraining methods, especially self-supervised methods, can produce such features if trained on enough curated data from diverse sources. We revisit existing approaches and combine different techniques to scale our pretraining in terms of data and model size. Most of the technical contributions aim at accelerating and stabilizing the training at scale. In terms of data, we propose an automatic pipeline to build a dedicated, diverse, and curated image dataset instead of uncurated data, as typically done in the self-supervised literature. In terms of models, we train a ViT model (Dosovitskiy et al., 2020) with 1B parameters and distill it into a series of smaller models that surpass the best available all-purpose features, OpenCLIP (Ilharco et al., 2021) on most of the benchmarks at image and pixel levels."
25,8,2023,BLIP-2: Bootstrapping Language-Image Pre-training with Frozen Image Encoders and Large Language Models,"Junnan Li, Dongxu Li, S. Savarese, Steven C. H. Hoi",International Conference on Machine Learning,2023-01-30,8331,956,315.706,Foundation Models and Large Language Models,transformer; self-supervised; generative,foundation-models; generative-ai; multimodal; nlp; vision,The cost of vision-and-language pre-training has become increasingly prohibitive due to end-to-end training of large-scale models.,"high citation signal (8,331); influential citation signal (956); recognized venue; open-access PDF metadata","Capability gains are difficult to separate from data scale, benchmark leakage, and evaluation prompt sensitivity.; Alignment and safety claims often need stronger real-world and multilingual validation.; Compute-intensive training can limit reproducibility and concentrate follow-up work around a small number of institutions.",https://doi.org/10.48550/arXiv.2301.12597,https://www.semanticscholar.org/paper/3f5b31c4f7350dc88002c121aecbdc82f86eb5bb,http://arxiv.org/pdf/2301.12597,10.48550/arXiv.2301.12597,2301.12597,,256390509,Computer Science,JournalArticle; Conference,large language models,1,citations=8331; influential=956; recognized venue; open PDF metadata; title AI matches=2; AI term matches=6,"The cost of vision-and-language pre-training has become increasingly prohibitive due to end-to-end training of large-scale models. This paper proposes BLIP-2, a generic and efficient pre-training strategy that bootstraps vision-language pre-training from off-the-shelf frozen pre-trained image encoders and frozen large language models. BLIP-2 bridges the modality gap with a lightweight Querying Transformer, which is pre-trained in two stages. The first stage bootstraps vision-language representation learning from a frozen image encoder. The second stage bootstraps vision-to-language generative learning from a frozen language model. BLIP-2 achieves state-of-the-art performance on various vision-language tasks, despite having significantly fewer trainable parameters than existing methods. For example, our model outperforms Flamingo80B by 8.7% on zero-shot VQAv2 with 54x fewer trainable parameters. We also demonstrate the model's emerging capabilities of zero-shot image-to-text generation that can follow natural language instructions."
29,9,2023,Mamba: Linear-Time Sequence Modeling with Selective State Spaces,"Albert Gu, Tri Dao",arXiv.org,2023-12-01,7634,1163,303.526,Foundation Models and Large Language Models,transformer,foundation-models,"Foundation models, now powering most of the exciting applications in deep learning, are almost universally based on the Transformer architecture and its core attention module.","high citation signal (7,634); influential citation signal (1,163)","Capability gains are difficult to separate from data scale, benchmark leakage, and evaluation prompt sensitivity.; Alignment and safety claims often need stronger real-world and multilingual validation.; Compute-intensive training can limit reproducibility and concentrate follow-up work around a small number of institutions.",https://www.semanticscholar.org/paper/7bbc7595196a0606a07506c4fb1473e5e87f6082,https://www.semanticscholar.org/paper/7bbc7595196a0606a07506c4fb1473e5e87f6082,,,2312.00752,,265551773,Computer Science,JournalArticle,deep learning; foundation models,2,citations=7634; influential=1163; open PDF metadata; AI term matches=5; query hits=2,"Foundation models, now powering most of the exciting applications in deep learning, are almost universally based on the Transformer architecture and its core attention module. Many subquadratic-time architectures such as linear attention, gated convolution and recurrent models, and structured state space models (SSMs) have been developed to address Transformers' computational inefficiency on long sequences, but they have not performed as well as attention on important modalities such as language. We identify that a key weakness of such models is their inability to perform content-based reasoning, and make several improvements. First, simply letting the SSM parameters be functions of the input addresses their weakness with discrete modalities, allowing the model to selectively propagate or forget information along the sequence length dimension depending on the current token. Second, even though this change prevents the use of efficient convolutions, we design a hardware-aware parallel algorithm in recurrent mode. We integrate these selective SSMs into a simplified end-to-end neural network architecture without attention or even MLP blocks (Mamba). Mamba enjoys fast inference (5$\times$ higher throughput than Transformers) and linear scaling in sequence length, and its performance improves on real data up to million-length sequences. As a general sequence model backbone, Mamba achieves state-of-the-art performance across several modalities such as language, audio, and genomics. On language modeling, our Mamba-3B model outperforms Transformers of the same size and matches Transformers twice its size, both in pretraining and downstream evaluation."
37,10,2023,Efficient Memory Management for Large Language Model Serving with PagedAttention,"Woosuk Kwon, Zhuohan Li, Siyuan Zhuang, Ying Sheng, Lianmin Zheng, C. Yu, Joseph E. Gonzalez, Haotong Zhang, et al.",Symposium on Operating Systems Principles,2023-09-12,6557,919,299.887,Foundation Models and Large Language Models,transformer,foundation-models; nlp,High throughput serving of large language models (LLMs) requires batching sufficiently many requests at a time.,"high citation signal (6,557); influential citation signal (919); open-access PDF metadata","Capability gains are difficult to separate from data scale, benchmark leakage, and evaluation prompt sensitivity.; Alignment and safety claims often need stronger real-world and multilingual validation.; Compute-intensive training can limit reproducibility and concentrate follow-up work around a small number of institutions.",https://doi.org/10.1145/3600006.3613165,https://www.semanticscholar.org/paper/83b90f4a0ae4cc214eb3cc140ccfef9cd99fac05,https://dl.acm.org/doi/pdf/10.1145/3600006.3613165,10.1145/3600006.3613165,2309.06180,,261697361,Computer Science,Book; JournalArticle; Conference,large language models,1,citations=6557; influential=919; resource signal; open PDF metadata; title AI matches=2; AI term matches=3,"High throughput serving of large language models (LLMs) requires batching sufficiently many requests at a time. However, existing systems struggle because the key-value cache (KV cache) memory for each request is huge and grows and shrinks dynamically. When managed inefficiently, this memory can be significantly wasted by fragmentation and redundant duplication, limiting the batch size. To address this problem, we propose PagedAttention, an attention algorithm inspired by the classical virtual memory and paging techniques in operating systems. On top of it, we build vLLM, an LLM serving system that achieves (1) near-zero waste in KV cache memory and (2) flexible sharing of KV cache within and across requests to further reduce memory usage. Our evaluations show that vLLM improves the throughput of popular LLMs by 2--4× with the same level of latency compared to the state-of-the-art systems, such as FasterTransformer and Orca. The improvement is more pronounced with longer sequences, larger models, and more complex decoding algorithms. vLLM's source code is publicly available at https://github.com/vllm-project/vllm."
42,11,2023,ChatGPT for good? On opportunities and challenges of large language models for education,"Enkelejda Kasneci, Kathrin Seßler, S. Küchemann, M. Bannert, Daryna Dementieva, F. Fischer, Urs Gasser, G. Groh, et al.",Learning and Individual Differences,2023-04-01,5646,340,280.702,Foundation Models and Large Language Models,metadata-ranked,foundation-models; trustworthy-ai,Large language models represent a significant advancement in the field of AI.,"high citation signal (5,646); influential citation signal (340); open-access PDF metadata","Capability gains are difficult to separate from data scale, benchmark leakage, and evaluation prompt sensitivity.; Alignment and safety claims often need stronger real-world and multilingual validation.; Compute-intensive training can limit reproducibility and concentrate follow-up work around a small number of institutions.",https://doi.org/10.1016/j.lindif.2023.102274,https://www.semanticscholar.org/paper/a98862ffe4c18634a67a3df8a965a35e5e0d7ec8,https://doi.org/10.1016/j.lindif.2023.102274,10.1016/j.lindif.2023.102274,,,257445349,Computer Science; Education; Linguistics,,large language models,1,citations=5646; influential=340; open PDF metadata; title AI matches=2; AI term matches=4,"Large language models represent a significant advancement in the field of AI. The underlying technology is key to further innovations and, despite critical views and even bans within communities and regions, large language models are here to stay. This position paper presents the potential benefits and challenges of educational applications of large language models, from student and teacher perspectives. We briefly discuss the current state of large language models and their applications. We then highlight how these models can be used to create educational content, improve student engagement and interaction, and personalize learning experiences. With regard to challenges, we argue that large language models in education require teachers and learners to develop sets of competencies and literacies necessary to both understand the technology as well as their limitations and unexpected brittleness of such systems. In addition, a clear strategy within educational systems and a clear pedagogical approach with a strong focus on critical thinking and strategies for fact checking are required to integrate and take full advantage of large language models in learning settings and teaching curricula. Other challenges such as the potential bias in the output, the need for continuous human oversight, and the potential for misuse are not unique to the application of AI in education. But we believe that, if handled sensibly, these challenges can offer insights and opportunities in education scenarios to acquaint students early on with potential societal biases, criticalities, and risks of AI applications. We conclude with recommendations for how to address these challenges and ensure that such models are used in a responsible and ethical manner in education."
46,12,2023,Improved Baselines with Visual Instruction Tuning,"Haotian Liu, Chunyuan Li, Yuheng Li, Yong Jae Lee",Computer Vision and Pattern Recognition,2023-10-05,5305,901,299.95,Foundation Models and Large Language Models,transformer,multimodal; vision,Large multimodal models (LMM) have recently shown encouraging progress with visual instruction tuning.,"high citation signal (5,305); influential citation signal (901); recognized venue; open-access PDF metadata","Capability gains are difficult to separate from data scale, benchmark leakage, and evaluation prompt sensitivity.; Alignment and safety claims often need stronger real-world and multilingual validation.; Compute-intensive training can limit reproducibility and concentrate follow-up work around a small number of institutions.",https://doi.org/10.1109/CVPR52733.2024.02484,https://www.semanticscholar.org/paper/124d4d374fbef2016fa9880489871a58a7450644,https://arxiv.org/pdf/2310.03744,10.1109/CVPR52733.2024.02484,2310.03744,,263672058,Computer Science,JournalArticle; Conference,large language models,1,citations=5305; influential=901; recognized venue; resource signal; open PDF metadata; AI term matches=2,"Large multimodal models (LMM) have recently shown encouraging progress with visual instruction tuning. In this paper, we present the first systematic study to investigate the design choices of LMMs in a controlled setting under the LLaVA framework. We show that the fully-connected vision-language connector in LLaVA is surprisingly power-ful and data-efficient. With simple modifications to LLa VA, namely, using CLIP- ViT-L-336px with an MLP projection and adding academic-task-oriented VQA data with response formatting prompts, we establish stronger baselines that achieve state-of-the-art across 11 benchmarks. Our final 13B checkpoint uses merely 1.2M publicly available data, and finishes full training in ~ 1 day on a single 8-AI00 node. Furthermore, we present some early exploration of open problems in LMMs, including scaling to higher resolution inputs, compositional capabilities, and model hallucination, etc. We hope this makes state-of-the-art LMM research more accessible. Code and model will be publicly available."
53,13,2023,SDXL: Improving Latent Diffusion Models for High-Resolution Image Synthesis,"Dustin Podell, Zion English, Kyle Lacey, A. Blattmann, Tim Dockhorn, Jonas Muller, Joe Penna, Robin Rombach",International Conference on Learning Representations,2023-07-04,4896,893,290.06,Generative Models and Synthetic Media,transformer; generative,generative-ai; nlp; vision,"We present SDXL, a latent diffusion model for text-to-image synthesis.","high citation signal (4,896); influential citation signal (893)","Image and media quality metrics may not capture factuality, controllability, provenance, or downstream harms.; Training data provenance and copyright constraints can be under-specified in highly cited generation work.; Robust evaluation across cultures, modalities, and adversarial uses remains difficult.",https://www.semanticscholar.org/paper/d7890d1906d95c4ae4c430b350455156d6d8aed9,https://www.semanticscholar.org/paper/d7890d1906d95c4ae4c430b350455156d6d8aed9,,,2307.01952,,259341735,Computer Science,JournalArticle,generative AI diffusion models,1,citations=4896; influential=893; resource signal; open PDF metadata; title AI matches=1; AI term matches=2,"We present SDXL, a latent diffusion model for text-to-image synthesis. Compared to previous versions of Stable Diffusion, SDXL leverages a three times larger UNet backbone: The increase of model parameters is mainly due to more attention blocks and a larger cross-attention context as SDXL uses a second text encoder. We design multiple novel conditioning schemes and train SDXL on multiple aspect ratios. We also introduce a refinement model which is used to improve the visual fidelity of samples generated by SDXL using a post-hoc image-to-image technique. We demonstrate that SDXL shows drastically improved performance compared the previous versions of Stable Diffusion and achieves results competitive with those of black-box state-of-the-art image generators. In the spirit of promoting open research and fostering transparency in large model training and evaluation, we provide access to code and model weights at https://github.com/Stability-AI/generative-models"
57,14,2023,A Survey of Large Language Models,"Wayne Xin Zhao, Kun Zhou, Junyi Li, Tianyi Tang, Xiaolei Wang, Yupeng Hou, Yingqian Min, Beichen Zhang, et al.",Frontiers Comput. Sci.,2023-03-31,4586,205,285.072,Foundation Models and Large Language Models,survey/review; self-supervised; trustworthy-ai; reinforcement-learning,foundation-models; reinforcement-learning; trustworthy-ai,"The rapid evolution of large language models (LLMs) has driven a transformative shift in artificial intelligence (AI), reshaping both research paradigms and practical applications.","high citation signal (4,586); influential citation signal (205)","Capability gains are difficult to separate from data scale, benchmark leakage, and evaluation prompt sensitivity.; Alignment and safety claims often need stronger real-world and multilingual validation.; Compute-intensive training can limit reproducibility and concentrate follow-up work around a small number of institutions.",https://doi.org/10.1007/s11704-026-60308-3,https://www.semanticscholar.org/paper/36709000a9272e941338244ef80ff5ab1dd2bba1,,10.1007/s11704-026-60308-3,2303.18223,,257900969,Computer Science; Linguistics,JournalArticle; Review,artificial intelligence; foundation models; large language models; reinforcement learning,4,citations=4586; influential=205; survey/benchmark signal; translation/trustworthiness signal; open PDF metadata; title AI matches=2; AI term matches=8; query hits=4,"The rapid evolution of large language models (LLMs) has driven a transformative shift in artificial intelligence (AI), reshaping both research paradigms and practical applications. Distinguished from their predecessors by unprecedented scale and advanced capabilities, LLMs necessitate new frameworks for understanding their development, behavior, and societal impact. This survey systematically reviews recent advancements in LLM techniques across four key dimensions: (1) pre-training methodologies, which establish core model capabilities through large-scale self-supervised training, architectural innovations, and data curation strategies; (2) post-training techniques, including supervised fine-tuning and reinforcement learning, which adapt foundational models to downstream tasks and enhance their alignment and safety; (3) utilization strategies, such as in-context learning, prompt engineering, and agentic reasoning, that optimize real-world deployment and enable effective interaction with external environments; and (4) evaluation methods, encompassing benchmarks for key ability dimensions such as core language capabilities, reasoning, and safety, which support comprehensive and reliable assessment of model performance. Additionally, we identify critical research issues, including those concerning theoretical foundations, efficient scaling, alignment, and agentic capability, and highlight the open challenges they present. By synthesizing state-of-the-art insights and emerging trends, this survey aims to provide a systematic and comprehensive framework for understanding the trajectory, current limitations, and future directions of LLM progress."
58,15,2023,Generative Agents: Interactive Simulacra of Human Behavior,"J. Park, Joseph O'Brien, Carrie J. Cai, M. Morris, Percy Liang, Michael S. Bernstein",ACM Symposium on User Interface Software and Technology,2023-04-07,4489,283,267.097,Foundation Models and Large Language Models,generative; reinforcement-learning,foundation-models; generative-ai; nlp; reinforcement-learning,Believable proxies of human behavior can empower interactive applications ranging from immersive environments to rehearsal spaces for interpersonal communication to prototyping tools.,"high citation signal (4,489); influential citation signal (283); open-access PDF metadata","Capability gains are difficult to separate from data scale, benchmark leakage, and evaluation prompt sensitivity.; Alignment and safety claims often need stronger real-world and multilingual validation.; Compute-intensive training can limit reproducibility and concentrate follow-up work around a small number of institutions.",https://doi.org/10.1145/3586183.3606763,https://www.semanticscholar.org/paper/5278a8eb2ba2429d4029745caf4e661080073c81,https://dl.acm.org/doi/pdf/10.1145/3586183.3606763,10.1145/3586183.3606763,2304.03442,,258040990,Computer Science,JournalArticle; Book; Conference,large language models,1,citations=4489; influential=283; open PDF metadata; AI term matches=2,"Believable proxies of human behavior can empower interactive applications ranging from immersive environments to rehearsal spaces for interpersonal communication to prototyping tools. In this paper, we introduce generative agents: computational software agents that simulate believable human behavior. Generative agents wake up, cook breakfast, and head to work; artists paint, while authors write; they form opinions, notice each other, and initiate conversations; they remember and reflect on days past as they plan the next day. To enable generative agents, we describe an architecture that extends a large language model to store a complete record of the agent’s experiences using natural language, synthesize those memories over time into higher-level reflections, and retrieve them dynamically to plan behavior. We instantiate generative agents to populate an interactive sandbox environment inspired by The Sims, where end users can interact with a small town of twenty-five agents using natural language. In an evaluation, these generative agents produce believable individual and emergent social behaviors. For example, starting with only a single user-specified notion that one agent wants to throw a Valentine’s Day party, the agents autonomously spread invitations to the party over the next two days, make new acquaintances, ask each other out on dates to the party, and coordinate to show up for the party together at the right time. We demonstrate through ablation that the components of our agent architecture—observation, planning, and reflection—each contribute critically to the believability of agent behavior. By fusing large language models with computational interactive agents, this work introduces architectural and interaction patterns for enabling believable simulations of human behavior."
62,16,2023,Toolformer: Language Models Can Teach Themselves to Use Tools,"Timo Schick, Jane Dwivedi-Yu, Roberto Dessì, R. Raileanu, M. Lomeli, Luke Zettlemoyer, Nicola Cancedda, Thomas Scialom",Neural Information Processing Systems,2023-02-09,4308,168,261.925,Foundation Models and Large Language Models,self-supervised,nlp,"Language models (LMs) exhibit remarkable abilities to solve new tasks from just a few examples or textual instructions, especially at scale.","high citation signal (4,308); influential citation signal (168); open-access PDF metadata","Capability gains are difficult to separate from data scale, benchmark leakage, and evaluation prompt sensitivity.; Alignment and safety claims often need stronger real-world and multilingual validation.; Compute-intensive training can limit reproducibility and concentrate follow-up work around a small number of institutions.",https://doi.org/10.48550/arXiv.2302.04761,https://www.semanticscholar.org/paper/53d128ea815bcc0526856eb5a9c42cc977cb36a7,http://arxiv.org/pdf/2302.04761,10.48550/arXiv.2302.04761,2302.04761,,256697342,Computer Science,JournalArticle,large language models,1,citations=4308; influential=168; open PDF metadata; title AI matches=1; AI term matches=3,"Language models (LMs) exhibit remarkable abilities to solve new tasks from just a few examples or textual instructions, especially at scale. They also, paradoxically, struggle with basic functionality, such as arithmetic or factual lookup, where much simpler and smaller models excel. In this paper, we show that LMs can teach themselves to use external tools via simple APIs and achieve the best of both worlds. We introduce Toolformer, a model trained to decide which APIs to call, when to call them, what arguments to pass, and how to best incorporate the results into future token prediction. This is done in a self-supervised way, requiring nothing more than a handful of demonstrations for each API. We incorporate a range of tools, including a calculator, a Q\&A system, two different search engines, a translation system, and a calendar. Toolformer achieves substantially improved zero-shot performance across a variety of downstream tasks, often competitive with much larger models, without sacrificing its core language modeling abilities."
64,17,2023,Tree of Thoughts: Deliberate Problem Solving with Large Language Models,"Shunyu Yao, Dian Yu, Jeffrey Zhao, Izhak Shafran, T. Griffiths, Yuan Cao, Karthik Narasimhan",Neural Information Processing Systems,2023-05-17,4267,287,276.177,Foundation Models and Large Language Models,transformer,foundation-models; nlp; reinforcement-learning,"Language models are increasingly being deployed for general problem solving across a wide range of tasks, but are still confined to token-level, left-to-right decision-making processes during inference.","high citation signal (4,267); influential citation signal (287); open-access PDF metadata","Capability gains are difficult to separate from data scale, benchmark leakage, and evaluation prompt sensitivity.; Alignment and safety claims often need stronger real-world and multilingual validation.; Compute-intensive training can limit reproducibility and concentrate follow-up work around a small number of institutions.",https://doi.org/10.48550/arXiv.2305.10601,https://www.semanticscholar.org/paper/2f3822eb380b5e753a6d579f31dfc3ec4c4a0820,http://arxiv.org/pdf/2305.10601,10.48550/arXiv.2305.10601,2305.10601,,258762525,Computer Science,JournalArticle,large language models,1,citations=4267; influential=287; resource signal; open PDF metadata; title AI matches=2; AI term matches=5,"Language models are increasingly being deployed for general problem solving across a wide range of tasks, but are still confined to token-level, left-to-right decision-making processes during inference. This means they can fall short in tasks that require exploration, strategic lookahead, or where initial decisions play a pivotal role. To surmount these challenges, we introduce a new framework for language model inference, Tree of Thoughts (ToT), which generalizes over the popular Chain of Thought approach to prompting language models, and enables exploration over coherent units of text (thoughts) that serve as intermediate steps toward problem solving. ToT allows LMs to perform deliberate decision making by considering multiple different reasoning paths and self-evaluating choices to decide the next course of action, as well as looking ahead or backtracking when necessary to make global choices. Our experiments show that ToT significantly enhances language models' problem-solving abilities on three novel tasks requiring non-trivial planning or search: Game of 24, Creative Writing, and Mini Crosswords. For instance, in Game of 24, while GPT-4 with chain-of-thought prompting only solved 4% of tasks, our method achieved a success rate of 74%. Code repo with all prompts: https://github.com/princeton-nlp/tree-of-thought-llm."
67,18,2023,Sparks of Artificial General Intelligence: Early experiments with GPT-4,"Sébastien Bubeck, Varun Chandrasekaran, Ronen Eldan, John A. Gehrke, Eric Horvitz, Ece Kamar, Peter Lee, Y. Lee, et al.",arXiv.org,2023-03-22,4227,249,269.989,Foundation Models and Large Language Models,transformer,foundation-models,"Artificial intelligence (AI) researchers have been developing and refining large language models (LLMs) that exhibit remarkable capabilities across a variety of domains and tasks, challenging our understanding of learning and cognition.","high citation signal (4,227); influential citation signal (249)","Capability gains are difficult to separate from data scale, benchmark leakage, and evaluation prompt sensitivity.; Alignment and safety claims often need stronger real-world and multilingual validation.; Compute-intensive training can limit reproducibility and concentrate follow-up work around a small number of institutions.",https://www.semanticscholar.org/paper/8dbd57469bb32e6d57f23f5e765bf1c9ac8e080c,https://www.semanticscholar.org/paper/8dbd57469bb32e6d57f23f5e765bf1c9ac8e080c,,,2303.12712,,257663729,Computer Science,JournalArticle,artificial intelligence; deep learning; large language models,3,citations=4227; influential=249; open PDF metadata; AI term matches=5; query hits=3,"Artificial intelligence (AI) researchers have been developing and refining large language models (LLMs) that exhibit remarkable capabilities across a variety of domains and tasks, challenging our understanding of learning and cognition. The latest model developed by OpenAI, GPT-4, was trained using an unprecedented scale of compute and data. In this paper, we report on our investigation of an early version of GPT-4, when it was still in active development by OpenAI. We contend that (this early version of) GPT-4 is part of a new cohort of LLMs (along with ChatGPT and Google's PaLM for example) that exhibit more general intelligence than previous AI models. We discuss the rising capabilities and implications of these models. We demonstrate that, beyond its mastery of language, GPT-4 can solve novel and difficult tasks that span mathematics, coding, vision, medicine, law, psychology and more, without needing any special prompting. Moreover, in all of these tasks, GPT-4's performance is strikingly close to human-level performance, and often vastly surpasses prior models such as ChatGPT. Given the breadth and depth of GPT-4's capabilities, we believe that it could reasonably be viewed as an early (yet still incomplete) version of an artificial general intelligence (AGI) system. In our exploration of GPT-4, we put special emphasis on discovering its limitations, and we discuss the challenges ahead for advancing towards deeper and more comprehensive versions of AGI, including the possible need for pursuing a new paradigm that moves beyond next-word prediction. We conclude with reflections on societal influences of the recent technological leap and future research directions."
74,19,2023,Qwen Technical Report,"Jinze Bai, Shuai Bai, Yunfei Chu, Zeyu Cui, K. Dang, Xiaodong Deng, Yang Fan, Wenhang Ge, et al.",arXiv.org,2023-09-28,3948,428,280.047,Foundation Models and Large Language Models,reinforcement-learning,foundation-models; nlp; reinforcement-learning,"Large language models (LLMs) have revolutionized the field of artificial intelligence, enabling natural language processing tasks that were previously thought to be exclusive to humans.","high citation signal (3,948); influential citation signal (428); open-access PDF metadata","Capability gains are difficult to separate from data scale, benchmark leakage, and evaluation prompt sensitivity.; Alignment and safety claims often need stronger real-world and multilingual validation.; Compute-intensive training can limit reproducibility and concentrate follow-up work around a small number of institutions.",https://doi.org/10.48550/arXiv.2309.16609,https://www.semanticscholar.org/paper/5fc1a3a49e8f1d106118b69d1d6be3b6caa23da0,https://arxiv.org/pdf/2309.16609,10.48550/arXiv.2309.16609,2309.16609,,263134555,Computer Science; Linguistics,JournalArticle,artificial intelligence; large language models; natural language processing; reinforcement learning,4,citations=3948; influential=428; resource signal; open PDF metadata; AI term matches=5; query hits=4,"Large language models (LLMs) have revolutionized the field of artificial intelligence, enabling natural language processing tasks that were previously thought to be exclusive to humans. In this work, we introduce Qwen, the first installment of our large language model series. Qwen is a comprehensive language model series that encompasses distinct models with varying parameter counts. It includes Qwen, the base pretrained language models, and Qwen-Chat, the chat models finetuned with human alignment techniques. The base language models consistently demonstrate superior performance across a multitude of downstream tasks, and the chat models, particularly those trained using Reinforcement Learning from Human Feedback (RLHF), are highly competitive. The chat models possess advanced tool-use and planning capabilities for creating agent applications, showcasing impressive performance even when compared to bigger models on complex tasks like utilizing a code interpreter. Furthermore, we have developed coding-specialized models, Code-Qwen and Code-Qwen-Chat, as well as mathematics-focused models, Math-Qwen-Chat, which are built upon base language models. These models demonstrate significantly improved performance in comparison with open-source models, and slightly fall behind the proprietary models."
75,20,2023,Reflexion: language agents with verbal reinforcement learning,"Noah Shinn, Federico Cassano, Beck Labash, A. Gopinath, Karthik Narasimhan, Shunyu Yao",Neural Information Processing Systems,2023-03-20,3934,322,278.996,Foundation Models and Large Language Models,benchmark/dataset; transformer; reinforcement-learning,foundation-models; nlp; reinforcement-learning,"Large language models (LLMs) have been increasingly used to interact with external environments (e.g., games, compilers, APIs) as goal-driven agents.","high citation signal (3,934); influential citation signal (322)","Capability gains are difficult to separate from data scale, benchmark leakage, and evaluation prompt sensitivity.; Alignment and safety claims often need stronger real-world and multilingual validation.; Compute-intensive training can limit reproducibility and concentrate follow-up work around a small number of institutions.",https://doi.org/10.52202/075280-0377,https://www.semanticscholar.org/paper/0671fd553dd670a4e820553a974bc48040ba0819,,10.52202/075280-0377,2303.11366,,258833055,Computer Science; Linguistics,JournalArticle,large language models; reinforcement learning,2,citations=3934; influential=322; survey/benchmark signal; resource signal; open PDF metadata; title AI matches=1; AI term matches=3; query hits=2,"Large language models (LLMs) have been increasingly used to interact with external environments (e.g., games, compilers, APIs) as goal-driven agents. However, it remains challenging for these language agents to quickly and efficiently learn from trial-and-error as traditional reinforcement learning methods require extensive training samples and expensive model fine-tuning. We propose Reflexion, a novel framework to reinforce language agents not by updating weights, but instead through linguistic feedback. Concretely, Reflexion agents verbally reflect on task feedback signals, then maintain their own reflective text in an episodic memory buffer to induce better decision-making in subsequent trials. Reflexion is flexible enough to incorporate various types (scalar values or free-form language) and sources (external or internally simulated) of feedback signals, and obtains significant improvements over a baseline agent across diverse tasks (sequential decision-making, coding, language reasoning). For example, Reflexion achieves a 91% pass@1 accuracy on the HumanEval coding benchmark, surpassing the previous state-of-the-art GPT-4 that achieves 80%. We also conduct ablation and analysis studies using different feedback signals, feedback incorporation methods, and agent types, and provide insights into how they affect performance."
81,21,2023,Self-Refine: Iterative Refinement with Self-Feedback,"Aman Madaan, Niket Tandon, Prakhar Gupta, Skyler Hallinan, Luyu Gao, Sarah Wiegreffe, Uri Alon, Nouha Dziri, et al.",Neural Information Processing Systems,2023-03-30,3745,267,266.3,Foundation Models and Large Language Models,transformer; reinforcement-learning,foundation-models; nlp; reinforcement-learning,"Like humans, large language models (LLMs) do not always generate the best output on their first try.","high citation signal (3,745); influential citation signal (267); open-access PDF metadata","Capability gains are difficult to separate from data scale, benchmark leakage, and evaluation prompt sensitivity.; Alignment and safety claims often need stronger real-world and multilingual validation.; Compute-intensive training can limit reproducibility and concentrate follow-up work around a small number of institutions.",https://doi.org/10.48550/arXiv.2303.17651,https://www.semanticscholar.org/paper/3aaf6a2cbad5850ad81ab5c163599cb3d523436f,http://arxiv.org/pdf/2303.17651,10.48550/arXiv.2303.17651,2303.17651,,257900871,Computer Science,JournalArticle,large language models; reinforcement learning,2,citations=3745; influential=267; open PDF metadata; AI term matches=4; query hits=2,"Like humans, large language models (LLMs) do not always generate the best output on their first try. Motivated by how humans refine their written text, we introduce Self-Refine, an approach for improving initial outputs from LLMs through iterative feedback and refinement. The main idea is to generate an initial output using an LLMs; then, the same LLMs provides feedback for its output and uses it to refine itself, iteratively. Self-Refine does not require any supervised training data, additional training, or reinforcement learning, and instead uses a single LLM as the generator, refiner, and feedback provider. We evaluate Self-Refine across 7 diverse tasks, ranging from dialog response generation to mathematical reasoning, using state-of-the-art (GPT-3.5, ChatGPT, and GPT-4) LLMs. Across all evaluated tasks, outputs generated with Self-Refine are preferred by humans and automatic metrics over those generated with the same LLM using conventional one-step generation, improving by ~20% absolute on average in task performance. Our work demonstrates that even state-of-the-art LLMs like GPT-4 can be further improved at test time using our simple, standalone approach."
89,22,2023,Let's Verify Step by Step,"H. Lightman, Vineet Kosaraju, Yura Burda, Harrison Edwards, Bowen Baker, Teddy Lee, Jan Leike, John Schulman, et al.",International Conference on Learning Representations,2023-05-31,3579,477,277.403,Foundation Models and Large Language Models,benchmark/dataset; reinforcement-learning,foundation-models; reinforcement-learning,"In recent years, large language models have greatly improved in their ability to perform complex multi-step reasoning.","high citation signal (3,579); influential citation signal (477); open-access PDF metadata","Capability gains are difficult to separate from data scale, benchmark leakage, and evaluation prompt sensitivity.; Alignment and safety claims often need stronger real-world and multilingual validation.; Compute-intensive training can limit reproducibility and concentrate follow-up work around a small number of institutions.",https://doi.org/10.48550/arXiv.2305.20050,https://www.semanticscholar.org/paper/be8db99310602d66bba64bcf41a572c45816fbfc,http://arxiv.org/pdf/2305.20050,10.48550/arXiv.2305.20050,2305.20050,,258987659,Computer Science,JournalArticle,large language models,1,citations=3579; influential=477; survey/benchmark signal; resource signal; open PDF metadata; AI term matches=2,"In recent years, large language models have greatly improved in their ability to perform complex multi-step reasoning. However, even state-of-the-art models still regularly produce logical mistakes. To train more reliable models, we can turn either to outcome supervision, which provides feedback for a final result, or process supervision, which provides feedback for each intermediate reasoning step. Given the importance of training reliable models, and given the high cost of human feedback, it is important to carefully compare the both methods. Recent work has already begun this comparison, but many questions still remain. We conduct our own investigation, finding that process supervision significantly outperforms outcome supervision for training models to solve problems from the challenging MATH dataset. Our process-supervised model solves 78% of problems from a representative subset of the MATH test set. Additionally, we show that active learning significantly improves the efficacy of process supervision. To support related research, we also release PRM800K, the complete dataset of 800,000 step-level human feedback labels used to train our best reward model."
90,23,2023,InstructBLIP: Towards General-purpose Vision-Language Models with Instruction Tuning,"Wenliang Dai, Junnan Li, Dongxu Li, A. Tiong, Junqi Zhao, Weisheng Wang, Boyang Albert Li, Pascale Fung, et al.",Neural Information Processing Systems,2023-05-11,3563,524,273.618,Foundation Models and Large Language Models,transformer; self-supervised,multimodal; vision,Large-scale pre-training and instruction tuning have been successful at creating general-purpose language models with broad competence.,"high citation signal (3,563); influential citation signal (524); open-access PDF metadata","Capability gains are difficult to separate from data scale, benchmark leakage, and evaluation prompt sensitivity.; Alignment and safety claims often need stronger real-world and multilingual validation.; Compute-intensive training can limit reproducibility and concentrate follow-up work around a small number of institutions.",https://doi.org/10.48550/arXiv.2305.06500,https://www.semanticscholar.org/paper/8bd6a2a89503be083176f2cc26fabedb79238cbd,http://arxiv.org/pdf/2305.06500,10.48550/arXiv.2305.06500,2305.06500,,258615266,Computer Science,JournalArticle,large language models,1,citations=3563; influential=524; open PDF metadata; title AI matches=1; AI term matches=3,"Large-scale pre-training and instruction tuning have been successful at creating general-purpose language models with broad competence. However, building general-purpose vision-language models is challenging due to the rich input distributions and task diversity resulting from the additional visual input. Although vision-language pretraining has been widely studied, vision-language instruction tuning remains under-explored. In this paper, we conduct a systematic and comprehensive study on vision-language instruction tuning based on the pretrained BLIP-2 models. We gather 26 publicly available datasets, covering a wide variety of tasks and capabilities, and transform them into instruction tuning format. Additionally, we introduce an instruction-aware Query Transformer, which extracts informative features tailored to the given instruction. Trained on 13 held-in datasets, InstructBLIP attains state-of-the-art zero-shot performance across all 13 held-out datasets, substantially outperforming BLIP-2 and larger Flamingo models. Our models also lead to state-of-the-art performance when finetuned on individual downstream tasks (e.g., 90.7% accuracy on ScienceQA questions with image contexts). Furthermore, we qualitatively demonstrate the advantages of InstructBLIP over concurrent multimodal models. All InstructBLIP models are open-sourced at https://github.com/salesforce/LAVIS/tree/main/projects/instructblip."
91,24,2023,Retrieval-Augmented Generation for Large Language Models: A Survey,"Yunfan Gao, Yun Xiong, Xinyu Gao, Kangxiang Jia, Jin Pan, Yuxi Bi, Yi Dai, Jiawei Sun, et al.",arXiv.org,2023-12-18,3516,219,276.149,Foundation Models and Large Language Models,survey/review; benchmark/dataset; retrieval,foundation-models,"Large Language Models (LLMs) showcase impressive capabilities but encounter challenges like hallucination, outdated knowledge, and non-transparent, untraceable reasoning processes.","high citation signal (3,516); influential citation signal (219)","Capability gains are difficult to separate from data scale, benchmark leakage, and evaluation prompt sensitivity.; Alignment and safety claims often need stronger real-world and multilingual validation.; Compute-intensive training can limit reproducibility and concentrate follow-up work around a small number of institutions.",https://www.semanticscholar.org/paper/46f9f7b8f88f72e12cbdb21e3311f995eb6e65c5,https://www.semanticscholar.org/paper/46f9f7b8f88f72e12cbdb21e3311f995eb6e65c5,,,2312.10997,,266359151,Computer Science,JournalArticle; Review,foundation models; large language models,2,citations=3516; influential=219; survey/benchmark signal; resource signal; open PDF metadata; title AI matches=3; AI term matches=4; query hits=2,"Large Language Models (LLMs) showcase impressive capabilities but encounter challenges like hallucination, outdated knowledge, and non-transparent, untraceable reasoning processes. Retrieval-Augmented Generation (RAG) has emerged as a promising solution by incorporating knowledge from external databases. This enhances the accuracy and credibility of the generation, particularly for knowledge-intensive tasks, and allows for continuous knowledge updates and integration of domain-specific information. RAG synergistically merges LLMs' intrinsic knowledge with the vast, dynamic repositories of external databases. This comprehensive review paper offers a detailed examination of the progression of RAG paradigms, encompassing the Naive RAG, the Advanced RAG, and the Modular RAG. It meticulously scrutinizes the tripartite foundation of RAG frameworks, which includes the retrieval, the generation and the augmentation techniques. The paper highlights the state-of-the-art technologies embedded in each of these critical components, providing a profound understanding of the advancements in RAG systems. Furthermore, this paper introduces up-to-date evaluation framework and benchmark. At the end, this article delineates the challenges currently faced and points out prospective avenues for research and development."
93,25,2023,A Survey on Evaluation of Large Language Models,"Yu-Chu Chang, Xu Wang, Jindong Wang, Yuan Wu, Kaijie Zhu, Hao Chen, Linyi Yang, Xiaoyuan Yi, et al.",ACM Transactions on Intelligent Systems and Technology,2023-07-06,3465,128,266.354,Foundation Models and Large Language Models,survey/review; ai4science; reinforcement-learning,foundation-models; nlp; reinforcement-learning; ai4science,"Large language models (LLMs) are gaining increasing popularity in both academia and industry, owing to their unprecedented performance in various applications.","high citation signal (3,465); influential citation signal (128); open-access PDF metadata","Capability gains are difficult to separate from data scale, benchmark leakage, and evaluation prompt sensitivity.; Alignment and safety claims often need stronger real-world and multilingual validation.; Compute-intensive training can limit reproducibility and concentrate follow-up work around a small number of institutions.",https://doi.org/10.1145/3641289,https://www.semanticscholar.org/paper/888728745dbb769e29ed475d4f7661eebe1a71cf,https://arxiv.org/pdf/2307.03109,10.1145/3641289,2307.03109,,259360395,Computer Science; Linguistics,JournalArticle; Review,large language models; natural language processing,2,citations=3465; influential=128; survey/benchmark signal; resource signal; open PDF metadata; title AI matches=2; AI term matches=4; query hits=2,"Large language models (LLMs) are gaining increasing popularity in both academia and industry, owing to their unprecedented performance in various applications. As LLMs continue to play a vital role in both research and daily use, their evaluation becomes increasingly critical, not only at the task level, but also at the society level for better understanding of their potential risks. Over the past years, significant efforts have been made to examine LLMs from various perspectives. This paper presents a comprehensive review of these evaluation methods for LLMs, focusing on three key dimensions: what to evaluate, where to evaluate, and how to evaluate. Firstly, we provide an overview from the perspective of evaluation tasks, encompassing general natural language processing tasks, reasoning, medical usage, ethics, education, natural and social sciences, agent applications, and other areas. Secondly, we answer the ‘where’ and ‘how’ questions by diving into the evaluation methods and benchmarks, which serve as crucial components in assessing the performance of LLMs. Then, we summarize the success and failure cases of LLMs in different tasks. Finally, we shed light on several future challenges that lie ahead in LLMs evaluation. Our aim is to offer invaluable insights to researchers in the realm of LLMs evaluation, thereby aiding the development of more proficient LLMs. Our key point is that evaluation should be treated as an essential discipline to better assist the development of LLMs. We consistently maintain the related open-source materials at: https://github.com/MLGroupJLU/LLM-eval-survey"
95,26,2023,Diffusion policy: Visuomotor policy learning via action diffusion,"Cheng Chi, S. Feng, Yilun Du, Zhenjia Xu, Eric Cousineau, B. Burchfiel, Shuran Song",Robotics: Science and Systems,2023-03-07,3397,729,293.183,Reinforcement Learning and Agents,benchmark/dataset; transformer; generative; ai4science; reinforcement-learning,generative-ai; multimodal; vision; reinforcement-learning; ai4science,"This paper introduces Diffusion Policy, a new way of generating robot behavior by representing a robot’s visuomotor policy as a conditional denoising diffusion process.","high citation signal (3,397); influential citation signal (729); recognized venue; open-access PDF metadata","Sample efficiency, reward misspecification, simulator bias, and safety under exploration remain persistent barriers.; Benchmark performance may not transfer to physical robots, human-facing tools, or open-ended environments.; Agentic systems need stronger evidence on reliability, recovery from errors, and long-horizon oversight.",https://doi.org/10.1177/02783649241273668,https://www.semanticscholar.org/paper/bdba3bd30a49ea4c5b20b43dbd8f0eb59e9d80e2,http://arxiv.org/pdf/2303.04137,10.1177/02783649241273668,2303.04137,,257378658,Computer Science,JournalArticle,multimodal learning,1,citations=3397; influential=729; recognized venue; survey/benchmark signal; resource signal; open PDF metadata; AI term matches=3,"This paper introduces Diffusion Policy, a new way of generating robot behavior by representing a robot’s visuomotor policy as a conditional denoising diffusion process. We benchmark Diffusion Policy across 15 different tasks from 4 different robot manipulation benchmarks and find that it consistently outperforms existing state-of-the-art robot learning methods with an average improvement of 46.9%. Diffusion Policy learns the gradient of the action-distribution score function and iteratively optimizes with respect to this gradient field during inference via a series of stochastic Langevin dynamics steps. We find that the diffusion formulation yields powerful advantages when used for robot policies, including gracefully handling multimodal action distributions, being suitable for high-dimensional action spaces, and exhibiting impressive training stability. To fully unlock the potential of diffusion models for visuomotor policy learning on physical robots, this paper presents a set of key technical contributions including the incorporation of receding horizon control, visual conditioning, and the time-series diffusion transformer. We hope this work will help motivate a new generation of policy learning techniques that are able to leverage the powerful generative modeling capabilities of diffusion models. Code, data, and training details are available (diffusion-policy.cs.columbia.edu)."
99,27,2023,Code Llama: Open Foundation Models for Code,"Baptiste Rozière, Jonas Gehring, Fabian Gloeckle, Sten Sootla, Itai Gat, Xiaoqing Tan, Yossi Adi, Jingyu Liu, et al.",arXiv.org,2023-08-24,3253,374,272.905,Foundation Models and Large Language Models,metadata-ranked,foundation-models,"We release Code Llama, a family of large language models for code based on Llama 2 providing state-of-the-art performance among open models, infilling capabilities, support for large input contexts, and zero-shot instruction following ability for programming tasks.","high citation signal (3,253); influential citation signal (374); open-access PDF metadata","Capability gains are difficult to separate from data scale, benchmark leakage, and evaluation prompt sensitivity.; Alignment and safety claims often need stronger real-world and multilingual validation.; Compute-intensive training can limit reproducibility and concentrate follow-up work around a small number of institutions.",https://doi.org/10.48550/arXiv.2308.12950,https://www.semanticscholar.org/paper/0b0debb710366cdff461938c80763eace1651af6,https://arxiv.org/pdf/2308.12950,10.48550/arXiv.2308.12950,2308.12950,,261100919,Computer Science,JournalArticle,foundation models; large language models,2,citations=3253; influential=374; resource signal; open PDF metadata; title AI matches=1; AI term matches=4; query hits=2,"We release Code Llama, a family of large language models for code based on Llama 2 providing state-of-the-art performance among open models, infilling capabilities, support for large input contexts, and zero-shot instruction following ability for programming tasks. We provide multiple flavors to cover a wide range of applications: foundation models (Code Llama), Python specializations (Code Llama - Python), and instruction-following models (Code Llama - Instruct) with 7B, 13B, 34B and 70B parameters each. All models are trained on sequences of 16k tokens and show improvements on inputs with up to 100k tokens. 7B, 13B and 70B Code Llama and Code Llama - Instruct variants support infilling based on surrounding content. Code Llama reaches state-of-the-art performance among open models on several code benchmarks, with scores of up to 67% and 65% on HumanEval and MBPP, respectively. Notably, Code Llama - Python 7B outperforms Llama 2 70B on HumanEval and MBPP, and all our models outperform every other publicly available model on MultiPL-E. We release Code Llama under a permissive license that allows for both research and commercial use."
